question,answer
hello,"Hello! Welcome to Kuching, Sarawak. How can I assist you today?"
hi,Hi there! Interested in exploring Kuching's attractions?
what is your name,I am your Kuching Tourism Assistant.
where can I travel in sarawak,"You can visit Gunung Gading National Park, Semenggoh Wildlife Centre, and the Sarawak Cultural Village."
what are the top spots in kuching,"Top spots include Kuching Waterfront, Fort Margherita and the Cat Museum."
what is the best season to visit kuching,The dry season from May to September is ideal for outdoor activities.
what should I pack for sarawak,"Pack light clothes, rain gear, insect repellent, and comfortable shoes."
how to find cheap flights to kuching,Use flight comparison sites like Skyscanner or AirAsia's official site.
what food is famous in kuching,"Try Sarawak laksa, kolo mee, and midin fern dishes."
is it safe to travel alone in kuching,"Yes, Kuching is generally safe, just take usual precautions."
how to get to semenggoh wildlife centre,Take a taxi or ride-sharing service from Kuching city; it's about 25 km away.
do i need travel insurance for sarawak,Travel insurance is recommended to cover medical or trip cancellations.
what to do in kuching waterfront,"Enjoy the sunset, river cruises, and local street food stalls."
how to avoid rain in kuching,Visit during the dry months; but rain can be unpredictable in the tropics.
what is cultural tourism in sarawak,It involves visiting the Sarawak Cultural Village and local longhouse tours.
where to see orangutans near kuching,Visit Semenggoh Wildlife Centre or Matang Wildlife Centre.
can you suggest a romantic spot in kuching,Try a sunset cruise on the Sarawak River.
what apps to use in kuching,"Use Grab for transport, Google Maps for navigation, and HappyFresh for groceries."
how to get local currency,Use ATMs in Kuching city; they dispense Malaysian Ringgit.
what souvenirs to buy in sarawak,"Consider Sarawak pepper, handwoven textiles, and wooden crafts."
what are day trips from kuching,Try Bako National Park or Annah Rais Longhouse.
can I drink tap water in kuching,It's safer to drink bottled or filtered water.
how to communicate with locals,English is widely spoken; learning some Malay phrases helps.
what to wear in sarawak,"Light, breathable clothing; cover knees and shoulders for visiting religious sites."
how to respect local customs,Ask permission before photographing people and remove shoes when entering homes.
what night markets are there,Visit Satok Weekend Market or Top Spot Food Court.
how to travel on a budget in kuching,Use public buses and street food stalls.
what wildlife tours are available,Orangutan and proboscis monkey tours at Kubah National Park.
how to book a homestay,Use AirBnB or local tour operators for longhouse homestays.
are guided tours good in kuching,"Yes, local guides offer cultural insights and safe transport."
what to do during rain,Visit indoor markets like Main Bazaar or Sarawak Museum.
how to get to gunung gadong,Organize with a tour operator; it's in Bau region.
where is sarawak cultural village,"It's in Damai, about 35 km from Kuching city center."
what is kolo mee,"A dry noodle dish with minced meat, char siu, and spring onions."
best photo spots in kuching,Fort Margherita and Darul Hana Bridge.
how to pay in kuching,Most places accept cash; some accept cards and e-wallets like Touch 'n Go.
what festivals in sarawak,Gawai Dayak (June) and Rainforest World Music Festival (July).
how to join rainforest music festival,Buy tickets online and stay in Damai Beach Resort.
can I use credit card in kuching,Major hotels and malls accept cards; small stalls usually cash only.
how to avoid tourist traps,Ask locals for authentic recommendations.
what is midin,A local jungle fern stir-fried with garlicâ€”very popular.
how to plan a family trip to sarawak,"Include zoo visits, cultural village, and nature parks."
what is the cat museum,"A museum dedicated to cats' history and culture, located downtown."
how to get to Bako national park,Take a bus or taxi to Bako village then a boat to the park.
what hiking trails near kuching,Try Fairy Cave Trail or Bukit Siol Trail.
where to see sunset in kuching,Kuching Waterfront or atop Petanak Hill.
what local markets to visit,Top Spot Market and Satok Market for fresh produce.
how to travel between kuching and siburan,Use bus services from Kuching Sentral.
what are day trips from kuching,Slated duplicates? We'll keep 50 unique above.
